name,type,summary,details,duration,gear,tags
"Sunrise Bird Walk","Birding","A calm walk with pauses to listen for birds and spot movement in the tree line.","Best for early mornings, low-stress exploration, and noticing local wildlife.","30-45 min","Binoculars, water, light jacket","bird|walk|nature|calm|morning|quiet|song"
"Leaf-Peeping Route","Hiking","A scenic route designed around color, viewpoints, and a gentle pace.","Perfect if you want a beautiful walk without a hard workout.","45-60 min","Comfortable shoes, camera, water","fall|scenic|walk|hike|color|relax|views"
"Garden Reset Session","Gardening","A practical outdoor plan for weeding, checking plants, and preparing beds.","Good for people who want an active but grounding task that helps their space thrive.","40-70 min","Gloves, pruners, compost, sun hat","garden|plant|grow|fresh air|soil|work|outdoor"
"Power Walk Loop","Running","A brisk route that keeps you moving and gets you breathing hard without a gym.","A strong choice when you want cardio and a mood lift in one outing.","20-35 min","Shoes, water, phone","run|exercise|energy|fitness|route|movement|pace"
"Photo Walk Adventure","Exploration","A small explore-and-shoot mission with creative prompts and easy detours.","Ideal if you want to get outside without committing to a strenuous itinerary.","30-60 min","Phone or camera, charger, snacks","explore|adventure|photo|creative|curious|fresh air|discover"
"Community Trail Social Walk","Social","A low-pressure outing that pairs movement with conversation and shared fresh air.","Good for catching up with a friend while still getting a bit of exercise.","45-75 min","Water, comfortable shoes, easy conversation topic","social|friend|talk|group|walk|trail|hangout"
"Evening Sunset Stroll","Recovery","A slower end-of-day walk that helps reset your attention and energy.","Best when you need a transition from screen time to actual rest.","20-40 min","Phone flashlight, light layer, water","evening|sunset|calm|reset|peace|wind down|slow"
"Neighborhood Nature Hunt","Discovery","A short mission to notice trees, insects, and small urban nature patterns.","Works especially well when your schedule is tight but you still want a clear reset.","15-30 min","Comfortable shoes, notebook, curiosity","quick|discover|city|nature|micro adventure|observe|easy"
"Creekside Trail Run","Running","A route with rhythm, water views, and enough distance to get your heart rate up.","Good when you want to stretch your body without breaking your routine.","25-40 min","Trail shoes, water bottle, light headphones","run|creek|trail|fitness|pace|energy|outdoor"
"Park Yoga Flow","Wellness","A short grounding session of stretches and breaths in a quiet outdoor setting.","Great for restoring focus and loosening up before the rest of your day.","15-30 min","Yoga mat, water, towel","yoga|stretch|breath|calm|focus|outdoor|energy"
"Backyard Picnic Reset","Recovery","A tiny outdoor break with food, sunlight, and a few minutes to unplug.","Best when you want a small reset without a big time commitment.","15-25 min","Blanket, snack, water","picnic|break|sun|rest|quiet|fresh air|slow"
"Community Garden Volunteer Hour","Gardening","A hands-on opportunity to work in the soil and help a shared green space thrive.","Perfect if you want to feel productive while being outside and connected to place.","45-90 min","Gloves, water, sun protection","garden|community|volunteer|soil|plant|outdoor|work"
